,abbr,episode,title,stardate,original_airdate,production_number
0,TOS,0x01,The Cage,Unknown,1988-10-04,6149-01
1,TOS,1x01,Where No Man Has Gone Before,1312.4 - 1313.8,1966-09-22,6149-02
2,TOS,1x02,The Corbomite Maneuver,1512.2 - 1514.1,1966-11-10,6149-03
3,TOS,1x03,Mudd's Women,1329.8 - 1330.1,1966-10-13,6149-04
4,TOS,1x04,The Enemy Within,1672.1 - 1673.1,1966-10-06,6149-05
5,TOS,1x05,The Man Trap,1513.1 - 1513.8,1966-09-08,6149-06
6,TOS,1x06,The Naked Time,1704.2 - 1704.4,1966-09-29,6149-07
7,TOS,1x07,Charlie X,1533.6 - 1535.8,1966-09-15,6149-08
8,TOS,1x08,Balance of Terror,1709.2 - 1709.6,1966-12-15,6149-09
9,TOS,1x09,What Are Little Girls Made Of?,2712.4,1966-10-20,6149-10
10,TOS,1x10,Dagger of the Mind,2715.1 - 2715.2,1966-11-03,6149-11
11,TOS,1x11,Miri,2713.5 - 2717.3,1966-10-27,6149-12
12,TOS,1x12,The Conscience of the King,2817.6 - 2819.8,1966-12-08,6149-13
13,TOS,1x13,The Galileo Seven,2821.5 - 2823.8,1967-01-05,6149-14
14,TOS,1x14,Court Martial,2947.3 - 2950.1,1967-02-02,6149-15
15,TOS,1x15,"The Menagerie, Part I",3012.4 - 3012.6,1966-11-17,6149-16A
16,TOS,1x16,"The Menagerie, Part II",3013.1 - 3013.2,1966-11-24,6149-16B
17,TOS,1x17,Shore Leave,3025.3 - 3025.8,1966-12-29,6149-17
18,TOS,1x18,The Squire of Gothos,2124.5 - 2126.3,1967-01-12,6149-18
19,TOS,1x19,Arena,3045.6 - 3046.2,1967-01-19,6149-19
20,TOS,1x20,The Alternative Factor,3087.6 - 3088.7,1967-03-30,6149-20
21,TOS,1x21,Tomorrow is Yesterday,3113.2 - 3114.1,1967-01-26,6149-21
22,TOS,1x22,The Return of the Archons,3156.2 - 3158.7,1967-02-09,6149-22
23,TOS,1x23,A Taste of Armageddon,3192.1 - 3193.0,1967-02-23,6149-23
24,TOS,1x24,Space Seed,3141.9 - 3143.3,1967-02-16,6149-24
25,TOS,1x25,This Side of Paradise,3417.3 - 3417.7,1967-03-02,6149-25
26,TOS,1x26,The Devil in the Dark,3196.1,1967-03-09,6149-26
27,TOS,1x27,Errand of Mercy,3198.4 - 3201.7,1967-03-23,6149-27
28,TOS,1x28,The City on the Edge of Forever,Unknown,1967-04-06,6149-28
29,TOS,1x29,Operation -- Annihilate!,3287.2 - 3289.8,1967-04-13,6149-29
30,TOS,2x01,Catspaw,3018.2,1967-10-27,60330
31,TOS,2x02,Metamorphosis,3219.8 - 3220.3,1967-11-10,60331
32,TOS,2x03,Friday's Child,3497.2 - 3499.1,1967-12-01,60332
33,TOS,2x04,Who Mourns for Adonais?,3468.1,1967-09-22,60333
34,TOS,2x05,Amok Time,3372.7,1967-09-15,60334
35,TOS,2x06,The Doomsday Machine,4202.9,1967-10-20,60335
36,TOS,2x07,Wolf in the Fold,3614.9 - 3615.4,1967-12-22,60336
37,TOS,2x08,The Changeling,3541.9,1967-09-29,60337
38,TOS,2x09,The Apple,3715.0 - 3715.6,1967-10-13,60338
39,TOS,2x10,"Mirror, Mirror",Unknown,1967-10-06,60339
40,TOS,2x11,The Deadly Years,3478.2 - 3479.4,1967-12-08,60340
41,TOS,2x12,"I, Mudd",4513.3,1967-11-03,60341
42,TOS,2x13,The Trouble with Tribbles,4523.3 - 4525.6,1967-12-29,60342
43,TOS,2x14,Bread and Circuses,4040.7 - 4041.7,1968-03-15,60343
44,TOS,2x15,Journey to Babel,3842.3 - 3843.4,1967-11-17,60344
45,TOS,2x16,A Private Little War,4211.4 - 4211.8,1968-02-02,60345
46,TOS,2x17,The Gamesters of Triskelion,3211.7 - 3259.2,1968-01-05,60346
47,TOS,2x18,Obsession,3619.2 - 3620.7,1967-12-15,60347
48,TOS,2x19,The Immunity Syndrome,4307.1 - 4309.4,1968-01-19,60348
49,TOS,2x20,A Piece of the Action,Unknown,1968-01-12,60349
50,TOS,2x21,By Any Other Name,4657.5 - 4658.9,1968-02-23,60350
51,TOS,2x22,Return to Tomorrow,4768.3 - 4770.3,1968-02-09,60351
52,TOS,2x23,Patterns of Force,Unknown,1968-02-16,60352
53,TOS,2x24,The Ultimate Computer,4729.4 - 4731.3,1968-03-08,60353
54,TOS,2x25,The Omega Glory,Unknown,1968-03-01,60354
55,TOS,2x26,Assignment: Earth,Unknown,1968-03-29,60355
56,TOS,3x01,Spectre of the Gun,4385.3,1968-10-25,60043-56
57,TOS,3x02,Elaan of Troyius,4372.5,1968-12-20,60043-57
58,TOS,3x03,The Paradise Syndrome,4842.6 - 4843.6,1968-10-04,60043-58
59,TOS,3x04,The Enterprise Incident,5027.3 - 5027.4,1968-09-27,60043-59
60,TOS,3x05,And the Children Shall Lead,5029.5,1968-10-11,60043-60
61,TOS,3x06,Spock's Brain,5431.4 - 5432.3,1968-09-20,60043-61
62,TOS,3x07,Is There in Truth No Beauty?,5630.7 - 5630.8,1968-10-18,60043-62
63,TOS,3x08,The Empath,5121.5,1968-12-06,60043-63
64,TOS,3x09,The Tholian Web,5693.2,1968-11-15,60043-64
65,TOS,3x10,For the World is Hollow and I Have Touched the Sky,5476.3 - 5476.4,1968-11-08,60043-65
66,TOS,3x11,Day of the Dove,Unknown,1968-11-01,60043-66
67,TOS,3x12,Plato's Stepchildren,5784.2 - 5784.3,1968-11-22,60043-67
68,TOS,3x13,Wink of an Eye,5710.5 - 5710.9,1968-11-29,60043-68
69,TOS,3x14,That Which Survives,Unknown,1969-01-24,60043-69
70,TOS,3x15,Let That Be Your Last Battlefield,5730.2 - 5730.7,1969-01-10,60043-70
71,TOS,3x16,Whom Gods Destroy,5718.3,1969-01-03,60043-71
72,TOS,3x17,The Mark of Gideon,5423.4 - 5423.8,1969-01-17,60043-72
73,TOS,3x18,The Lights of Zetar,5725.3 - 5725.6,1969-01-31,60043-73
74,TOS,3x19,The Cloud Minders,5818.4 - 5819.3,1969-02-28,60043-74
75,TOS,3x20,The Way to Eden,5832.3 - 5832.6,1969-02-21,60043-75
76,TOS,3x21,Requiem for Methuselah,5843.7 - 5843.8,1969-02-14,60043-76
77,TOS,3x22,The Savage Curtain,5906.4 - 5906.5,1969-03-07,60043-77
78,TOS,3x23,All Our Yesterdays,5943.7 - 5943.9,1969-03-14,60043-78
79,TOS,3x24,Turnabout Intruder,5928.5 - 5930.3,1969-06-03,60043-79
80,TAS,1x01,Beyond the Farthest Star,5221.3 - 5221.8,1973-09-08,22004
81,TAS,1x02,Yesteryear,5373.4,1973-09-15,22003
82,TAS,1x03,One of Our Planets Is Missing,5371.3 - 5372.1,1973-09-22,22007
83,TAS,1x04,The Lorelei Signal,5483.7 - 5483.9,1973-09-29,22006
84,TAS,1x05,"More Tribbles, More Troubles",5392.4,1973-10-06,22001
85,TAS,1x06,The Survivor,5143.3,1973-10-13,22005
86,TAS,1x07,The Infinite Vulcan,5554.4 -5554.8,1973-10-20,22002
87,TAS,1x08,The Magicks of Megas-Tu,1254.4,1973-10-27,22009
88,TAS,1x09,Once Upon a Planet,5591.2,1973-11-03,22017
89,TAS,1x10,Mudd's Passion,4978.5,1973-11-10,22008
90,TAS,1x11,The Terratin Incident,5577.3 - 5577.7,1973-11-17,22015
91,TAS,1x12,The Time Trap,5267.2 - 5267.6,1973-11-24,22010
92,TAS,1x13,The Ambergris Element,5499.9,1973-12-01,22013
93,TAS,1x14,The Slaver Weapon,4187.3,1973-12-15,22011
94,TAS,1x15,The Eye of the Beholder,5501.2,1974-01-05,22016
95,TAS,1x16,The Jihad,5683.1,1974-01-12,22014
96,TAS,2x01,The Pirates of Orion,6334.1 - 6335.6,1974-09-07,22020
97,TAS,2x02,Bem,7403.6,1974-09-14,22018
98,TAS,2x03,The Practical Joker,3183.3,1974-09-21,22021
99,TAS,2x04,Albatross,5275.6 - 5276.8,1974-09-28,22019
100,TAS,2x05,How Sharper Than a Serpent's Tooth,6063.4 - 6063.5,1974-10-05,22022
101,TAS,2x06,The Counter-Clock Incident,6770.1 - 6770.6,1974-10-12,22023
102,TNG,1x01/02,Encounter at Farpoint,41153.7,1987-09-28,40271-721
103,TNG,1x03,The Naked Now,41209.2,1987-10-05,40271-103
104,TNG,1x04,Code of Honor,41235.25,1987-10-12,40271-104
105,TNG,1x05,The Last Outpost,41386.4,1987-10-19,40271-107
106,TNG,1x06,Where No One Has Gone Before,41263.1,1987-10-26,40271-106
107,TNG,1x07,Lonely Among Us,41249.3,1987-11-02,40271-108
108,TNG,1x08,Justice,41255.6,1987-11-09,40271-109
109,TNG,1x09,The Battle,41723.9,1987-11-16,40271-110
110,TNG,1x10,Hide and Q,41590.5,1987-11-23,40271-111
111,TNG,1x11,Haven,41294.5,1987-11-30,40271-105
112,TNG,1x12,The Big Goodbye,41997.7,1988-01-11,40271-113
113,TNG,1x13,Datalore,41242.4,1988-01-18,40271-114
114,TNG,1x14,Angel One,41636.9,1988-01-25,40271-115
115,TNG,1x15,11001001,41365.9,1988-02-01,40271-116
116,TNG,1x16,Too Short a Season,41309.5,1988-02-08,40271-112
117,TNG,1x17,When The Bough Breaks,41509.1,1988-02-15,40271-118
118,TNG,1x18,Home Soil,41463.9,1988-02-22,40271-117
119,TNG,1x19,Coming of Age,41416.2,1988-03-14,40271-119
120,TNG,1x20,Heart of Glory,41503.7,1988-03-21,40271-120
121,TNG,1x21,The Arsenal of Freedom,41798.2,1988-04-11,40271-121
122,TNG,1x22,Symbiosis,Unknown,1988-04-18,40271-123
123,TNG,1x23,Skin of Evil,41601.3,1988-04-25,40271-122
124,TNG,1x24,We'll Always Have Paris,41697.9,1988-05-02,40271-124
125,TNG,1x25,Conspiracy,41775.5,1988-05-09,40271-125
126,TNG,1x26,The Neutral Zone,41986.0,1988-05-16,40271-126
127,TNG,2x01,The Child,42073.1,1988-11-21,40272-127
128,TNG,2x02,Where Silence Has Lease,42193.6,1988-11-28,40272-128
129,TNG,2x03,"Elementary, Dear Data",42286.3,1988-12-05,40272-129
130,TNG,2x04,The Outrageous Okona,42402.7,1988-12-12,40272-130
131,TNG,2x05,Loud As A Whisper,42477.2,1989-01-09,40272-132
132,TNG,2x06,The Schizoid Man,42437.5,1989-01-23,40272-131
133,TNG,2x07,Unnatural Selection,42494.8,1989-01-30,40272-133
134,TNG,2x08,A Matter Of Honor,42506.5,1989-02-06,40272-134
135,TNG,2x09,The Measure Of A Man,42523.7,1989-02-13,40272-135
136,TNG,2x10,The Dauphin,42568.8,1989-02-20,40272-136
137,TNG,2x11,Contagion,42609.1,1989-03-20,40272-137
138,TNG,2x12,The Royale,42625.4,1989-03-27,40272-138
139,TNG,2x13,Time Squared,42679.2,1989-04-03,40272-139
140,TNG,2x14,The Icarus Factor,42686.4,1989-04-24,40272-140
141,TNG,2x15,Pen Pals,42695.3,1989-05-01,40272-141
142,TNG,2x16,Q Who,42761.3,1989-05-08,40272-142
143,TNG,2x17,Samaritan Snare,42779.1,1989-05-15,40272-143
144,TNG,2x18,Up The Long Ladder,42823.2,1989-05-22,40272-144
145,TNG,2x19,Manhunt,42859.2,1989-06-19,40272-145
146,TNG,2x20,The Emissary,42901.3,1989-06-26,40272-146
147,TNG,2x21,Peak Performance,42923.4,1989-07-10,40272-147
148,TNG,2x22,Shades of Gray,42976.1,1989-07-17,40272-148
149,TNG,3x01,Evolution,43125.8,1989-09-25,40273-150
150,TNG,3x02,The Ensigns of Command,43133.3,1989-10-02,40273-149
151,TNG,3x03,The Survivors,43152.4,1989-10-09,40273-151
152,TNG,3x04,Who Watches The Watchers,43173.5,1989-10-16,40273-152
153,TNG,3x05,The Bonding,43198.7,1989-10-23,40273-153
154,TNG,3x06,Booby Trap,43205.6,1989-10-30,40273-154
155,TNG,3x07,The Enemy,43349.2,1989-11-06,40273-155
156,TNG,3x08,The Price,43385.6,1989-11-13,40273-156
157,TNG,3x09,The Vengeance Factor,43421.9,1989-11-20,40273-157
158,TNG,3x10,The Defector,43462.5,1990-01-01,40273-158
159,TNG,3x11,The Hunted,43489.2,1990-01-08,40273-159
160,TNG,3x12,The High Ground,43510.7,1990-01-29,40273-160
161,TNG,3x13,Deja Q,43539.1,1990-02-05,40273-161
162,TNG,3x14,A Matter of Perspective,43610.4,1990-02-12,40273-162
163,TNG,3x15,Yesterday's Enterprise,43625.2,1990-02-19,40273-163
164,TNG,3x16,The Offspring,43657.0,1990-03-12,40273-164
165,TNG,3x17,Sins of the Father,43685.2,1990-03-19,40273-165
166,TNG,3x18,Allegiance,43714.1,1990-03-26,40273-166
167,TNG,3x19,Captain's Holiday,43745.2,1990-04-02,40273-167
168,TNG,3x20,Tin Man,43779.3,1990-04-23,40273-168
169,TNG,3x21,Hollow Pursuits,43807.4,1990-04-30,40273-169
170,TNG,3x22,The Most Toys,43872.2,1990-05-07,40273-170
171,TNG,3x23,Sarek,43917.4,1990-05-14,40273-171
172,TNG,3x24,Ménage à Troi,43930.7,1990-05-28,40273-172
173,TNG,3x25,Transfigurations,43957.2,1990-06-04,40273-173
174,TNG,3x26,The Best of Both Worlds,43989.1,1990-06-18,40273-174
175,TNG,4x01,"The Best of Both Worlds, Part II",44001.4,1990-09-24,40274-175
176,TNG,4x02,Family,44012.3,1990-10-01,40274-178
177,TNG,4x03,Brothers,44085.7,1990-10-08,40274-177
178,TNG,4x04,Suddenly Human,44143.7,1990-10-15,40274-176
179,TNG,4x05,Remember Me,44161.2,1990-10-22,40274-179
180,TNG,4x06,Legacy,44215.2,1990-10-29,40274-180
181,TNG,4x07,Reunion,44246.3,1990-11-05,40274-181
182,TNG,4x08,Future Imperfect,44286.5,1990-11-12,40274-182
183,TNG,4x09,Final Mission,44307.3,1990-11-19,40274-183
184,TNG,4x10,The Loss,44356.9,1990-12-31,40274-184
185,TNG,4x11,Data's Day,44390.1,1991-01-07,40274-185
186,TNG,4x12,The Wounded,44429.6,1991-01-28,40274-186
187,TNG,4x13,Devil's Due,44474.5,1991-02-04,40274-187
188,TNG,4x14,Clues,44502.7,1991-02-11,40274-188
189,TNG,4x15,First Contact,Unknown,1991-02-18,40274-189
190,TNG,4x16,Galaxy's Child,44614.6,1991-03-11,40274-190
191,TNG,4x17,Night Terrors,44631.2,1991-03-18,40274-191
192,TNG,4x18,Identity Crisis,44664.5,1991-03-25,40274-192
193,TNG,4x19,The Nth Degree,44704.2,1991-04-01,40274-193
194,TNG,4x20,Qpid,44741.9,1991-04-22,40274-194
195,TNG,4x21,The Drumhead,44769.2,1991-04-29,40274-195
196,TNG,4x22,Half a Life,44805.3,1991-05-06,40274-196
197,TNG,4x23,The Host,44821.3,1991-05-13,40274-197
198,TNG,4x24,The Mind's Eye,44885.5,1991-05-27,40274-198
199,TNG,4x25,In Theory,44932.3,1991-06-03,40274-199
200,TNG,4x26,Redemption,44995.3,1991-06-17,40274-200
201,TNG,5x01,Redemption II,45020.4,1991-09-23,40275-201
202,TNG,5x02,Darmok,45047.2,1991-09-30,40275-202
203,TNG,5x03,Ensign Ro,45076.3,1991-10-07,40275-203
204,TNG,5x04,Silicon Avatar,45122.3,1991-10-14,40275-204
205,TNG,5x05,Disaster,45156.1,1991-10-21,40275-205
206,TNG,5x06,The Game,45208.2,1991-10-28,40275-206
207,TNG,5x07,Unification I,45233.1,1991-11-04,40275-208
208,TNG,5x08,Unification II,45245.8,1991-11-11,40275-207
209,TNG,5x09,A Matter of Time,45349.1,1991-11-18,40275-209
210,TNG,5x10,New Ground,45376.3,1992-01-06,40275-210
211,TNG,5x11,Hero Worship,45397.3,1992-01-27,40275-211
212,TNG,5x12,Violations,45429.3,1992-02-03,40275-212
213,TNG,5x13,The Masterpiece Society,45470.1,1992-02-10,40275-213
214,TNG,5x14,Conundrum,45494.2,1992-02-17,40275-214
215,TNG,5x15,Power Play,45571.2,1992-02-24,40275-215
216,TNG,5x16,Ethics,45587.3,1992-03-02,40275-216
217,TNG,5x17,The Outcast,45614.6,1992-03-16,40275-217
218,TNG,5x18,Cause and Effect,45652.1,1992-03-23,40275-218
219,TNG,5x19,The First Duty,45703.9,1992-03-30,40275-219
220,TNG,5x20,Cost of Living,45733.6,1992-04-20,40275-220
221,TNG,5x21,The Perfect Mate,45761.3,1992-04-27,40275-221
222,TNG,5x22,Imaginary Friend,45832.1,1992-05-04,40275-222
223,TNG,5x23,I Borg,45854.2,1992-05-11,40275-223
224,TNG,5x24,The Next Phase,45892.4,1992-05-18,40275-224
225,TNG,5x25,The Inner Light,45944.1,1992-06-01,40275-225
226,TNG,5x26,Time's Arrow,45959.1,1992-06-15,40275-226
227,TNG,6x01,"Time's Arrow, Part II",46001.3,1992-09-21,40276-227
228,TNG,6x02,Realm of Fear,46041.1,1992-09-28,40276-228
229,TNG,6x03,Man of the People,46071.6,1992-10-05,40276-229
230,TNG,6x04,Relics,46125.3,1992-10-12,40276-230
231,TNG,6x05,Schisms,46154.2,1992-10-19,40276-231
232,TNG,6x06,True Q,46192.3,1992-10-26,40276-232
233,TNG,6x07,Rascals,46235.7,1992-11-02,40276-233
234,TNG,6x08,A Fistful of Datas,46271.5,1992-11-07,40276-234
235,TNG,6x09,The Quality of Life,46307.2,1992-11-14,40276-235
236,TNG,6x10,"Chain of Command, Part I",46357.4,1992-12-14,40276-236
237,TNG,6x11,"Chain of Command, Part II",46360.8,1992-12-21,40276-237
238,TNG,6x12,Ship in a Bottle,46424.1,1993-01-25,40276-238
239,TNG,6x13,Aquiel,46461.3,1993-02-01,40276-239
240,TNG,6x14,Face of the Enemy,46519.0,1993-02-08,40276-240
241,TNG,6x15,Tapestry,Unknown,1993-02-15,40276-241
242,TNG,6x16,"Birthright, Part I",46578.4,1993-02-22,40276-242
243,TNG,6x17,"Birthright, Part II",46579.2,1993-03-01,40276-243
244,TNG,6x18,Starship Mine,46682.4,1993-03-29,40276-244
245,TNG,6x19,Lessons,46693.1,1993-04-05,40276-245
246,TNG,6x20,The Chase,46731.5,1993-04-26,40276-246
247,TNG,6x21,Frame of Mind,46778.1,1993-05-03,40276-247
248,TNG,6x22,Suspicions,46830.1,1993-05-10,40276-248
249,TNG,6x23,Rightful Heir,46852.2,1993-05-17,40276-249
250,TNG,6x24,Second Chances,46915.2,1993-05-24,40276-250
251,TNG,6x25,Timescape,46944.2,1993-06-12,40276-251
252,TNG,6x26,Descent,46982.1,1993-06-21,40276-252
253,TNG,7x01,"Descent, Part II",47025.4,1993-09-20,40277-253
254,TNG,7x02,Liaisons,Unknown,1993-09-27,40277-254
255,TNG,7x03,Interface,47215.5,1993-10-04,40277-255
256,TNG,7x04,"Gambit, Part I",47135.2,1993-10-11,40277-256
257,TNG,7x05,"Gambit, Part II",47160.1,1993-10-18,40277-257
258,TNG,7x06,Phantasms,47225.7,1993-10-25,40277-258
259,TNG,7x07,Dark Page,47254.1,1993-11-01,40277-259
260,TNG,7x08,Attached,47304.2,1993-11-08,40277-260
261,TNG,7x09,Force of Nature,47310.2,1993-11-15,40277-261
262,TNG,7x10,Inheritance,47410.2,1993-11-22,40277-262
263,TNG,7x11,Parallels,47391.2,1993-11-29,40277-263
264,TNG,7x12,The Pegasus,47457.1,1994-01-10,40277-264
265,TNG,7x13,Homeward,47423.9,1994-01-17,40277-265
266,TNG,7x14,Sub Rosa,Unknown,1994-01-31,40277-266
267,TNG,7x15,Lower Decks,47566.7,1994-02-07,40277-267
268,TNG,7x16,Thine Own Self,47611.2,1994-02-14,40277-268
269,TNG,7x17,Masks,47615.2,1994-02-21,40277-269
270,TNG,7x18,Eye of the Beholder,47622.1,1994-02-28,40277-270
271,TNG,7x19,Genesis,47653.2,1994-03-21,40277-271
272,TNG,7x20,Journey's End,47751.2,1994-03-28,40277-272
273,TNG,7x21,Firstborn,47779.4,1994-04-25,40277-273
274,TNG,7x22,Bloodlines,47829.1,1994-05-02,40277-274
275,TNG,7x23,Emergence,47869.2,1994-05-09,40277-275
276,TNG,7x24,Preemptive Strike,47941.7,1994-05-16,40277-276
277,TNG,7x25/26,All Good Things...,47988.0,1994-05-23,40277-747
278,DS9,1x01/02,Emissary,46379.1,1993-01-03,40511-721
279,DS9,1x03,Past Prologue,Unknown,1993-01-09,40511-404
280,DS9,1x04,A Man Alone,46421.5,1993-01-17,40511-403
281,DS9,1x05,Babel,46423.7,1993-01-24,40511-405
282,DS9,1x06,Captive Pursuit,46477.5,1993-01-30,40511-406
283,DS9,1x07,Q-Less,46531.2,1993-02-06,40511-407
284,DS9,1x08,Dax,46910.1,1993-02-13,40511-408
285,DS9,1x09,The Passenger,Unknown,1993-02-20,40511-409
286,DS9,1x10,Move Along Home,Unknown,1993-03-14,40511-410
287,DS9,1x11,The Nagus,Unknown,1993-03-21,40511-411
288,DS9,1x12,Vortex,Unknown,1993-04-18,40511-412
289,DS9,1x13,Battle Lines,Unknown,1993-04-25,40511-413
290,DS9,1x14,The Storyteller,46729.1,1993-05-02,40511-414
291,DS9,1x15,Progress,46844.3,1993-05-09,40511-415
292,DS9,1x16,If Wishes Were Horses,46853.2,1993-05-16,40511-416
293,DS9,1x17,The Forsaken,46925.1,1993-05-23,40511-417
294,DS9,1x18,Dramatis Personae,46922.3,1993-05-30,40511-418
295,DS9,1x19,Duet,Unknown,1993-06-13,40511-419
296,DS9,1x20,In the Hands of the Prophets,Unknown,1993-06-20,40511-420
297,DS9,2x01,The Homecoming,Unknown,1993-09-26,40512-421
298,DS9,2x02,The Circle,Unknown,1993-10-03,40512-422
299,DS9,2x03,The Siege,Unknown,1993-10-10,40512-423
300,DS9,2x04,Invasive Procedures,47182.1,1993-10-17,40512-424
301,DS9,2x05,Cardassians,47177.2,1993-10-24,40512-425
302,DS9,2x06,Melora,47229.1,1993-10-31,40512-426
303,DS9,2x07,Rules of Acquisition,Unknown,1993-11-06,40512-427
304,DS9,2x08,Necessary Evil,47282.5-47284.1,1993-11-14,40512-428
305,DS9,2x09,Second Sight,47329.4,1993-11-20,40512-429
306,DS9,2x10,Sanctuary,47391.2,1993-11-28,40512-430
307,DS9,2x11,Rivals,Unknown,1994-01-02,40512-431
308,DS9,2x12,The Alternate,47391.7,1994-01-09,40512-432
309,DS9,2x13,Armageddon Game,Unknown,1994-01-30,40512-433
310,DS9,2x14,Whispers,47581.2,1994-02-06,40512-434
311,DS9,2x15,Paradise,47573.1,1994-02-13,40512-435
312,DS9,2x16,Shadowplay,47603.3,1994-02-20,40512-436
313,DS9,2x17,Playing God,Unknown,1994-02-27,40512-437
314,DS9,2x18,Profit and Loss,Unknown,1994-03-20,40512-438
315,DS9,2x19,Blood Oath,Unknown,1994-03-27,40512-439
316,DS9,2x20,"The Maquis, Part I",Unknown,1994-04-24,40512-440
317,DS9,2x21,"The Maquis, Part II",Unknown,1994-05-01,40512-441
318,DS9,2x22,The Wire,Unknown,1994-05-08,40512-442
319,DS9,2x23,Crossover,Unknown,1994-05-15,40512-443
320,DS9,2x24,The Collaborator,Unknown,1994-05-22,40512-444
321,DS9,2x25,Tribunal,47944.2,1994-06-05,40512-445
322,DS9,2x26,The Jem'Hadar,Unknown,1994-06-12,40512-446
323,DS9,3x01,"The Search, Part I",48212.4-48214.5,1994-09-26,40512-447
324,DS9,3x02,"The Search, Part II",Unknown,1994-10-03,40512-447
325,DS9,3x03,The House of Quark,Unknown,1994-10-10,40513-449
326,DS9,3x04,Equilibrium,Unknown,1994-10-17,40513-450
327,DS9,3x05,Second Skin,Unknown,1994-10-24,40513-451
328,DS9,3x06,The Abandoned,Unknown,1994-10-31,40513-452
329,DS9,3x07,Civil Defense,Unknown,1994-11-07,40513-453
330,DS9,3x08,Meridian,48423.2,1994-11-14,40513-454
331,DS9,3x09,Defiant,48467.3,1994-11-21,40513-455
332,DS9,3x10,Fascination,Unknown,1994-11-28,40513-456
333,DS9,3x11,"Past Tense, Part I",48481.2,1995-01-08,40513-457
334,DS9,3x12,"Past Tense, Part II",Unknown,1995-01-15,40513-458
335,DS9,3x13,Life Support,48498.4,1995-01-31,40513-459
336,DS9,3x14,Heart of Stone,48521.5,1995-02-06,40513-460
337,DS9,3x15,Destiny,48543.2,1995-02-13,40513-461
338,DS9,3x16,Prophet Motive,Unknown,1995-02-20,40513-462
339,DS9,3x17,Visionary,Unknown,1995-02-27,40513-463
340,DS9,3x18,Distant Voices,Unknown,1995-04-10,40513-464
341,DS9,3x19,Through the Looking Glass,Unknown,1995-04-17,40513-466
342,DS9,3x20,Improbable Cause,Unknown,1995-04-24,40513-465
343,DS9,3x21,The Die is Cast,Unknown,1995-05-01,40513-467
344,DS9,3x22,Explorers,Unknown,1995-05-08,40513-468
345,DS9,3x23,Family Business,Unknown,1995-05-15,40513-469
346,DS9,3x24,Shakaar,Unknown,1995-05-22,40513-470
347,DS9,3x25,Facets,Unknown,1995-06-12,40513-471
348,DS9,3x26,The Adversary,48959.1,1995-06-25,40513-472
349,DS9,4x01/02,The Way of the Warrior,49011.4,1995-10-02,40514-473
350,DS9,4x03,The Visitor,49034.7,1995-10-09,40510-476
351,DS9,4x04,Hippocratic Oath,49066.5,1995-10-16,40510-475
352,DS9,4x05,Indiscretion,Unknown,1995-10-23,40510-477
353,DS9,4x06,Rejoined,49195.5,1995-10-30,40510-478
354,DS9,4x07,Starship Down,49263.5,1995-11-13,40510-480
355,DS9,4x08,Little Green Men,Unknown,1995-11-15,40510-479
356,DS9,4x09,The Sword of Kahless,49289.1,1995-11-20,40510-481
357,DS9,4x10,Our Man Bashir,49300.7,1995-11-27,40510-482
358,DS9,4x11,Homefront,49170.65,1996-01-01,40510-483
359,DS9,4x12,Paradise Lost,Unknown,1996-01-08,40510-484
360,DS9,4x13,Crossfire,Unknown,1996-01-29,40510-485
361,DS9,4x14,Return to Grace,Unknown,1996-02-05,40510-486
362,DS9,4x15,Sons of Mogh,49556.2,1996-02-12,40510-487
363,DS9,4x16,Bar Association,Unknown,1996-02-19,40510-488
364,DS9,4x17,Accession,Unknown,1996-02-24,40510-489
365,DS9,4x18,Rules of Engagement,49665.3,1996-04-08,40510-490
366,DS9,4x19,Hard Time,Unknown,1996-04-15,40510-491
367,DS9,4x20,Shattered Mirror,Unknown,1996-04-22,40510-492
368,DS9,4x21,The Muse,Unknown,1996-04-29,40510-493
369,DS9,4x22,For the Cause,Unknown,1996-05-06,40510-494
370,DS9,4x23,To the Death,49904.2,1996-05-13,40510-496
371,DS9,4x24,The Quickening,Unknown,1996-05-20,40510-495
372,DS9,4x25,Body Parts,49930.3,1996-06-10,40510-497
373,DS9,4x26,Broken Link,49962.4,1996-06-17,40510-498
374,DS9,5x01,Apocalypse Rising,Unknown,1996-09-30,40510-499
375,DS9,5x02,The Ship,50049.3,1996-10-07,40510-500
376,DS9,5x03,Looking for par'Mach in All the Wrong Places,50061.2,1996-10-14,40510-501
377,DS9,5x04,Nor the Battle to the Strong,Unknown,1996-10-21,40510-502
378,DS9,5x05,The Assignment,Unknown,1996-10-28,40510-504
379,DS9,5x06,Trials and Tribble-ations,4523.7,1996-11-04,40510-503
380,DS9,5x07,Let He Who Is Without Sin...,Unknown,1996-11-11,40510-505
381,DS9,5x08,Things Past,Unknown,1996-11-18,40510-506
382,DS9,5x09,The Ascent,Unknown,1996-11-25,40510-507
383,DS9,5x10,Rapture,Unknown,1996-12-30,40510-508
384,DS9,5x11,The Darkness and the Light,50416.2,1997-01-06,40510-509
385,DS9,5x12,The Begotten,Unknown,1997-01-27,40510-510
386,DS9,5x13,For the Uniform,50485.2,1997-02-03,40510-511
387,DS9,5x14,In Purgatory's Shadow,Unknown,1997-02-10,40510-512
388,DS9,5x15,By Inferno's Light,50564.2,1997-02-17,40510-513
389,DS9,5x16,"Doctor Bashir, I Presume",Unknown,1997-02-24,40510-514
390,DS9,5x17,A Simple Investigation,Unknown,1997-03-31,40510-515
391,DS9,5x18,Business as Usual,Unknown,1997-04-05,40510-516
392,DS9,5x19,Ties of Blood and Water,50712.5,1997-04-14,40510-517
393,DS9,5x20,Ferengi Love Songs,Unknown,1997-04-21,40510-518
394,DS9,5x21,Soldiers of the Empire,Unknown,1997-04-29,40510-519
395,DS9,5x22,Children of Time,50814.2,1997-05-05,40510-520
396,DS9,5x23,Blaze of Glory,Unknown,1997-05-12,40510-521
397,DS9,5x24,Empok Nor,50901.7,1997-05-19,40510-522
398,DS9,5x25,In the Cards,50929.4,1997-06-09,40510-523
399,DS9,5x26,Call to Arms,50975.2,1997-06-16,40510-524
400,DS9,6x01,A Time to Stand,Unknown,1997-09-29,40510-525
401,DS9,6x02,Rocks and Shoals,Unknown,1997-10-06,40510-527
402,DS9,6x03,Sons and Daughters,Unknown,1997-10-16,40510-526
403,DS9,6x04,Behind the Lines,51145.3,1997-10-20,40510-528
404,DS9,6x05,Favor the Bold,Unknown,1997-10-27,40510-529
405,DS9,6x06,Sacrifice of Angels,Unknown,1997-11-03,40510-530
406,DS9,6x07,You Are Cordially Invited,51247.5,1997-11-10,40510-531
407,DS9,6x08,Resurrection,Unknown,1997-11-17,40510-532
408,DS9,6x09,Statistical Probabilities,Unknown,1997-11-22,40510-533
409,DS9,6x10,The Magnificent Ferengi,Unknown,1997-12-17,40510-534
410,DS9,6x11,Waltz,51408.6-51413.6,1998-01-03,40510-535
411,DS9,6x12,Who Mourns for Morn?,Unknown,1998-02-04,40510-536
412,DS9,6x13,Far Beyond the Stars,Unknown,1998-02-11,40510-538
413,DS9,6x14,One Little Ship,51474.2,1998-02-14,40510-537
414,DS9,6x15,Honor Among Thieves,Unknown,1998-02-21,40510-539
415,DS9,6x16,Change of Heart,51597.2,1998-02-28,40510-540
416,DS9,6x17,Wrongs Darker Than Death or Night,Unknown,1998-03-28,40510-541
417,DS9,6x18,Inquisition,Unknown,1998-04-08,40510-542
418,DS9,6x19,In the Pale Moonlight,51721.3,1998-04-15,40510-543
419,DS9,6x20,His Way,Unknown,1998-04-22,40510-544
420,DS9,6x21,The Reckoning,Unknown,1998-04-29,40510-545
421,DS9,6x22,Valiant,51825.4,1998-05-06,40510-546
422,DS9,6x23,Profit and Lace,Unknown,1998-05-13,40510-547
423,DS9,6x24,Time's Orphan,Unknown,1998-05-20,40510-548
424,DS9,6x25,The Sound of Her Voice,51948.3,1998-06-10,40510-549
425,DS9,6x26,Tears of the Prophets,Unknown,1998-06-17,40510-550
426,DS9,7x01,Image in the Sand,Unknown,1998-09-30,40510-551
427,DS9,7x02,Shadows and Symbols,52152.6,1998-10-07,40510-552
428,DS9,7x03,Afterimage,Unknown,1998-10-14,40510-553
429,DS9,7x04,Take Me Out to the Holosuite,Unknown,1998-10-21,40510-554
430,DS9,7x05,Chrysalis,Unknown,1998-10-28,40510-555
431,DS9,7x06,"Treachery, Faith and the Great River",Unknown,1998-11-04,40510-556
432,DS9,7x07,Once More Unto the Breach,Unknown,1998-11-11,40510-557
433,DS9,7x08,The Siege of AR-558,Unknown,1998-11-18,40510-558
434,DS9,7x09,Covenant,Unknown,1998-11-25,40510-559
435,DS9,7x10,It's Only a Paper Moon,Unknown,1998-12-30,40510-560
436,DS9,7x11,Prodigal Daughter,Unknown,1999-01-06,40510-561
437,DS9,7x12,The Emperor's New Cloak,Unknown,1999-02-03,40510-562
438,DS9,7x13,Field of Fire,Unknown,1999-02-10,40510-563
439,DS9,7x14,Chimera,Unknown,1999-02-17,40510-564
440,DS9,7x15,"Badda-Bing, Badda-Bang",Unknown,1999-02-24,40510-566
441,DS9,7x16,Inter Arma Enim Silent Leges,Unknown,1999-03-03,40510-565
442,DS9,7x17,Penumbra,52576.2,1999-04-07,40510-567
443,DS9,7x18,'Til Death Do Us Part,Unknown,1999-04-14,40510-568
444,DS9,7x19,Strange Bedfellows,Unknown,1999-04-21,40510-569
445,DS9,7x20,The Changing Face of Evil,Unknown,1999-04-28,40510-570
446,DS9,7x21,When It Rains...,52684.3,1999-05-05,40510-571
447,DS9,7x22,Tacking Into the Wind,Unknown,1999-05-12,40510-572
448,DS9,7x23,Extreme Measures,52645.7,1999-05-19,40510-573
449,DS9,7x24,The Dogs of War,52861.3,1999-05-26,40510-574
450,DS9,7x25/26,What You Leave Behind,52902.0,1999-06-02,40510-575
451,VOY,1x01/02,Caretaker,48315.6-48317,1995-01-16,101 (721)
452,VOY,1x03,Parallax,48439.7,1995-01-23,103
453,VOY,1x04,Time and Again,Unknown,1995-01-30,104
454,VOY,1x05,Phage,48532.4,1995-02-06,105
455,VOY,1x06,The Cloud,48546.2,1995-02-13,106
456,VOY,1x07,Eye of the Needle,48579.4,1995-02-20,107
457,VOY,1x08,Ex Post Facto,Unknown,1995-02-27,108
458,VOY,1x09,Emanations,48623.5,1995-03-13,109
459,VOY,1x10,Prime Factors,48642.5,1995-03-20,110
460,VOY,1x11,State of Flux,48658.2,1995-04-10,111
461,VOY,1x12,Heroes and Demons,48693.2,1995-04-24,112
462,VOY,1x13,Cathexis,48734.2,1995-05-01,113
463,VOY,1x14,Faces,48784.2,1995-05-08,114
464,VOY,1x15,Jetrel,48832.1,1995-05-15,115
465,VOY,1x16,Learning Curve,48846.5,1995-05-22,116
466,VOY,2x01,The 37's,48975.1,1995-08-28,120
467,VOY,2x02,Initiations,49005.3,1995-09-04,121
468,VOY,2x03,Projections,48892.1,1995-09-11,117
469,VOY,2x04,Elogium,48921.3,1995-09-18,118
470,VOY,2x05,Non Sequitur,49011.0,1995-09-25,122
471,VOY,2x06,Twisted,Unknown,1995-10-02,119
472,VOY,2x07,Parturition,Unknown,1995-10-09,123
473,VOY,2x08,Persistence of Vision,Unknown,1995-10-30,124
474,VOY,2x09,Tattoo,Unknown,1995-11-06,125
475,VOY,2x10,Cold Fire,49164.8,1995-11-13,126
476,VOY,2x11,Maneuvers,49208.5,1995-11-20,127
477,VOY,2x12,Resistance,Unknown,1995-11-27,128
478,VOY,2x13,Prototype,Unknown,1996-01-15,129
479,VOY,2x14,Alliances,49337.4,1996-01-22,131
480,VOY,2x15,Threshold,49373.4,1996-01-29,132
481,VOY,2x16,Meld,Unknown,1996-02-05,133
482,VOY,2x17,Dreadnought,49447.0,1996-02-12,134
483,VOY,2x18,Death Wish,49301.2,1996-02-19,130
484,VOY,2x19,Lifesigns,49504.3,1996-02-26,136
485,VOY,2x20,Investigations,49485.2,1996-03-13,135
486,VOY,2x21,Deadlock,49548.7,1996-03-18,137
487,VOY,2x22,Innocence,49578.2,1996-04-08,138
488,VOY,2x23,The Thaw,Unknown,1996-04-29,139
489,VOY,2x24,Tuvix,49655.2,1996-05-06,140
490,VOY,2x25,Resolutions,49690.1,1996-05-13,141
491,VOY,2x26,"Basics, Part I",Unknown,1996-05-20,142
492,VOY,3x01,"Basics, Part II",50032.7,1996-09-04,146
493,VOY,3x02,Flashback,50126.4,1996-09-11,145
494,VOY,3x03,The Chute,50156.2,1996-09-18,147
495,VOY,3x04,The Swarm,50252.3,1996-09-25,149
496,VOY,3x05,False Profits,50074.3,1996-10-02,144
497,VOY,3x06,Remember,50203.1,1996-10-09,148
498,VOY,3x07,Sacred Ground,50063.2,1996-10-30,143
499,VOY,3x08,Future's End,50312.5,1996-11-06,150
500,VOY,3x09,"Future's End, Part II",50312.5,1996-11-13,151
501,VOY,3x10,Warlord,50348.1,1996-11-20,152
502,VOY,3x11,The Q and the Grey,50384.2,1996-11-27,153
503,VOY,3x12,Macrocosm,50425.1,1996-12-11,154
504,VOY,3x13,Fair Trade,Unknown,1997-01-08,156
505,VOY,3x14,Alter Ego,50460.3,1997-01-15,155
506,VOY,3x15,Coda,50518.6,1997-01-29,158
507,VOY,3x16,Blood Fever,50537.2,1997-02-05,157
508,VOY,3x17,Unity,50614.2,1997-02-12,159
509,VOY,3x18,Darkling,50693.2,1997-02-19,161
510,VOY,3x19,Rise,Unknown,1997-02-26,160
511,VOY,3x20,Favorite Son,50732.4,1997-03-19,162
512,VOY,3x21,Before and After,Unknown,1997-04-09,163
513,VOY,3x22,Real Life,50836.2,1997-04-23,164
514,VOY,3x23,Distant Origin,Unknown,1997-04-30,165
515,VOY,3x24,Displaced,50912.4,1997-05-07,166
516,VOY,3x25,Worst Case Scenario,50953.4,1997-05-14,167
517,VOY,3x26,Scorpion,50984.3,1997-05-21,168
518,VOY,4x01,"Scorpion, Part II",51003.7,1997-09-03,169
519,VOY,4x02,The Gift,51008,1997-09-10,170
520,VOY,4x03,Day of Honor,Unknown,1997-09-17,172
521,VOY,4x04,Nemesis,51082.4,1997-09-24,171
522,VOY,4x05,Revulsion,51186.2,1997-10-01,173
523,VOY,4x06,The Raven,Unknown,1997-10-08,174
524,VOY,4x07,Scientific Method,51244.3,1997-10-29,175
525,VOY,4x08,Year of Hell,51268.4,1997-11-05,176
526,VOY,4x09,"Year of Hell, Part II",51425.4,1997-11-12,177
527,VOY,4x10,Random Thoughts,51367.2,1997-11-19,178
528,VOY,4x11,Concerning Flight,51386.4,1997-11-26,179
529,VOY,4x12,Mortal Coil,51449.2,1997-12-17,180
530,VOY,4x13,Waking Moments,51471.3,1998-01-14,182
531,VOY,4x14,Message in a Bottle,51462,1998-01-21,181
532,VOY,4x15,Hunters,51501.4,1998-02-11,183
533,VOY,4x16,Prey,51652.3,1998-02-18,184
534,VOY,4x17,Retrospect,51658.2,1998-02-25,185
535,VOY,4x18,The Killing Game,Unknown,1998-03-04,186
536,VOY,4x19,"The Killing Game, Part II",51715.2,1998-03-04,187
537,VOY,4x20,Vis à Vis,51762.4,1998-04-08,188
538,VOY,4x21,The Omega Directive,51781.2,1998-04-15,189
539,VOY,4x22,Unforgettable,51813.4,1998-04-22,190
540,VOY,4x23,Living Witness,Unknown,1998-04-29,191
541,VOY,4x24,Demon,Unknown,1998-05-06,192
542,VOY,4x25,One,51929.3,1998-05-13,193
543,VOY,4x26,Hope and Fear,51978.2,1998-05-20,194
544,VOY,5x01,Night,52081.2,1998-10-14,195
545,VOY,5x02,Drone,Unknown,1998-10-21,196
546,VOY,5x03,Extreme Risk,Unknown,1998-10-28,197
547,VOY,5x04,In the Flesh,52136.4,1998-11-04,198
548,VOY,5x05,Once Upon a Time,Unknown,1998-11-11,199
549,VOY,5x06,Timeless,52164.3,1998-11-18,201
550,VOY,5x07,Infinite Regress,52356.2,1998-11-25,203
551,VOY,5x08,Nothing Human,Unknown,1998-12-02,200
552,VOY,5x09,Thirty Days,52179.4,1998-12-09,202
553,VOY,5x10,Counterpoint,Unknown,1998-12-16,204
554,VOY,5x11,Latent Image,Unknown,1999-01-20,206
555,VOY,5x12,Bride of Chaotica!,Unknown,1999-01-27,207
556,VOY,5x13,Gravity,52438.9,1999-02-03,205
557,VOY,5x14,Bliss,52542.3,1999-02-10,209
558,VOY,5x15/16,Dark Frontier,52619.2,1999-02-17,211/212
559,VOY,5x17,The Disease,Unknown,1999-02-24,210
560,VOY,5x18,Course: Oblivion,52586.3,1999-03-03,213
561,VOY,5x19,The Fight,Unknown,1999-03-24,208
562,VOY,5x20,Think Tank,Unknown,1999-03-31,214
563,VOY,5x21,Juggernaut,Unknown,1999-04-26,215
564,VOY,5x22,Someone to Watch Over Me,52648.0,1999-04-28,216
565,VOY,5x23,11:59,52840,1999-05-05,217
566,VOY,5x24,Relativity,52861.274,1999-05-12,218
567,VOY,5x25,Warhead,Unknown,1999-05-19,219
568,VOY,5x26,Equinox,Unknown,1999-05-26,220
569,VOY,6x01,"Equinox, Part II",Unknown,1999-09-22,221
570,VOY,6x02,Survival Instinct,53049.2,1999-09-29,222
571,VOY,6x03,Barge of the Dead,Unknown,1999-10-06,223
572,VOY,6x04,Tinker Tenor Doctor Spy,Unknown,1999-10-13,224
573,VOY,6x05,Alice,Unknown,1999-10-20,226
574,VOY,6x06,Riddles,53263.2,1999-11-03,227
575,VOY,6x07,Dragon's Teeth,53167.9,1999-11-10,225
576,VOY,6x08,One Small Step,53292.7,1999-11-17,228
577,VOY,6x09,The Voyager Conspiracy,53329,1999-11-24,229
578,VOY,6x10,Pathfinder,Unknown,1999-12-01,230
579,VOY,6x11,Fair Haven,Unknown,2000-01-12,231
580,VOY,6x12,Blink of an Eye,Unknown,2000-01-19,233
581,VOY,6x13,Virtuoso,53556.4,2000-01-26,234
582,VOY,6x14,Memorial,Unknown,2000-02-02,236
583,VOY,6x15,Tsunkatse,53447.2,2000-02-09,232
584,VOY,6x16,Collective,Unknown,2000-02-16,235
585,VOY,6x17,Spirit Folk,Unknown,2000-02-23,237
586,VOY,6x18,Ashes to Ashes,53679.4,2000-03-01,238
587,VOY,6x19,Child's Play,Unknown,2000-03-08,239
588,VOY,6x20,Good Shepherd,53753.2,2000-03-15,240
589,VOY,6x21,Live Fast and Prosper,53849.2,2000-04-19,242
590,VOY,6x22,Muse,53918.0,2000-04-26,244
591,VOY,6x23,Fury,Unknown,2000-05-03,241
592,VOY,6x24,Life Line,Unknown,2000-05-10,243
593,VOY,6x25,The Haunting of Deck Twelve,Unknown,2000-05-17,245
594,VOY,6x26,Unimatrix Zero,Unknown,2000-05-24,246
595,VOY,7x01,"Unimatrix Zero, Part II",54014.4,2000-10-04,247
596,VOY,7x02,Imperfection,54129.4,2000-10-11,248
597,VOY,7x03,Drive,54058.6,2000-10-18,249
598,VOY,7x04,Repression,54090.4,2000-10-25,251
599,VOY,7x05,Critical Care,Unknown,2000-11-01,250
600,VOY,7x06,Inside Man,54208.3,2000-11-08,252
601,VOY,7x07,Body and Soul,54238.3,2000-11-15,255
602,VOY,7x08,Nightingale,54274.7,2000-11-22,256
603,VOY,7x09/10,Flesh and Blood,54315.3-54337.5,2000-11-29,253
604,VOY,7x11,Shattered,Unknown,2001-01-17,257
605,VOY,7x12,Lineage,54452.6,2001-01-24,258
606,VOY,7x13,Repentance,54474.6,2001-01-31,259
607,VOY,7x14,Prophecy,54518.2-54529.8,2001-02-07,260
608,VOY,7x15,The Void,54553.4-54562.7,2001-02-14,261
609,VOY,7x16,Workforce,54584.3-54608.6,2001-02-21,262
610,VOY,7x17,"Workforce, Part II",54622.4,2001-02-28,263
611,VOY,7x18,Human Error,Unknown,2001-03-07,264
612,VOY,7x19,Q2,54704.5,2001-04-11,265
613,VOY,7x20,"Author, Author",54732.3,2001-04-18,266
614,VOY,7x21,Friendship One,54775.4,2001-04-25,267
615,VOY,7x22,Natural Law,54827.7,2001-05-02,268
616,VOY,7x23,Homestead,54868.6,2001-05-09,269
617,VOY,7x24,Renaissance Man,54890.7,2001-05-16,270
618,VOY,7x25/26,Endgame,54973.4,2001-05-23,271
619,ENT,1x01/02,Broken Bow,2151-04-16,2001-09-26,40358-721
620,ENT,1x03,Fight or Flight,2151-05-06,2001-10-03,40358-003
621,ENT,1x04,Strange New World,Unknown,2001-10-10,40358-004
622,ENT,1x05,Unexpected,Unknown,2001-10-17,40358-005
623,ENT,1x06,Terra Nova,Unknown,2001-10-24,40358-006
624,ENT,1x07,The Andorian Incident,2151-06-19,2001-10-31,40358-007
625,ENT,1x08,Breaking the Ice,Unknown,2001-11-07,40358-008
626,ENT,1x09,Civilization,2151-07-31,2001-11-14,40358-009
627,ENT,1x10,Fortunate Son,Unknown,2001-11-21,40358-010
628,ENT,1x11,Cold Front,2151-09-09,2001-11-28,40358-011
629,ENT,1x12,Silent Enemy,2151-09-01,2002-01-16,40358-012
630,ENT,1x13,Dear Doctor,Unknown,2002-01-23,40358-013
631,ENT,1x14,Sleeping Dogs,Unknown,2002-01-30,40358-015
632,ENT,1x15,Shadows of P'Jem,Unknown,2002-02-06,40358-014
633,ENT,1x16,Shuttlepod One,2151-11-09,2002-02-13,40358-016
634,ENT,1x17,Fusion,Unknown,2002-02-27,40358-017
635,ENT,1x18,Rogue Planet,Unknown,2002-03-20,40358-018
636,ENT,1x19,Acquisition,Unknown,2002-03-27,40358-019
637,ENT,1x20,Oasis,Unknown,2002-04-03,40358-020
638,ENT,1x21,Detained,Unknown,2002-04-24,40358-021
639,ENT,1x22,Vox Sola,Unknown,2002-05-01,40358-022
640,ENT,1x23,Fallen Hero,2152-02-09,2002-05-08,40358-023
641,ENT,1x24,Desert Crossing,2152-02-12,2002-05-08,40358-024
642,ENT,1x25,Two Days and Two Nights,2152-02-18,2002-05-15,40358-025
643,ENT,1x26,Shockwave,Unknown,2002-05-22,40358-026
644,ENT,2x01,"Shockwave, Part II",Unknown,2002-09-18,40358-028
645,ENT,2x02,Carbon Creek,2152-04-12,2002-09-25,40358-027
646,ENT,2x03,Minefield,Unknown,2002-10-02,40358-029
647,ENT,2x04,Dead Stop,Unknown,2002-10-09,40358-031
648,ENT,2x05,A Night in Sickbay,Unknown,2002-10-16,40358-030
649,ENT,2x06,Marauders,Unknown,2002-10-30,40358-032
650,ENT,2x07,The Seventh,Unknown,2002-11-06,40358-033
651,ENT,2x08,The Communicator,Unknown,2002-11-13,40358-034
652,ENT,2x09,Singularity,2152-08-14,2002-11-20,40358-035
653,ENT,2x10,Vanishing Point,Unknown,2002-11-27,40358-036
654,ENT,2x11,Precious Cargo,2152-09-12,2002-12-11,40358-037
655,ENT,2x12,The Catwalk,2152-09-18,2002-12-18,40358-038
656,ENT,2x13,Dawn,Unknown,2003-01-08,40358-039
657,ENT,2x14,Stigma,Unknown,2003-02-05,40358-040
658,ENT,2x15,Cease Fire,Unknown,2003-02-12,40358-041
659,ENT,2x16,Future Tense,Unknown,2003-02-19,40358-042
660,ENT,2x17,Canamar,Unknown,2003-02-26,40358-043
661,ENT,2x18,The Crossing,Unknown,2003-04-02,40358-044
662,ENT,2x19,Judgment,Unknown,2003-04-09,40358-045
663,ENT,2x20,Horizon,2153-01-10,2003-04-16,40358-046
664,ENT,2x21,The Breach,Unknown,2003-04-23,40358-047
665,ENT,2x22,Cogenitor,Unknown,2003-04-30,40358-048
666,ENT,2x23,Regeneration,2153-03-01,2003-05-07,40358-049
667,ENT,2x24,First Flight,Unknown,2003-05-14,40358-050
668,ENT,2x25,Bounty,2153-03-21,2003-05-14,40358-051
669,ENT,2x26,The Expanse,2153-04-24,2003-05-21,40358-052
670,ENT,3x01,The Xindi,Unknown,2003-09-10,40358-053
671,ENT,3x02,Anomaly,Unknown,2003-09-17,40358-054
672,ENT,3x03,Extinction,Unknown,2003-09-24,40358-055
673,ENT,3x04,Rajiin,Unknown,2003-10-01,40358-056
674,ENT,3x05,Impulse,Unknown,2003-10-08,40358-057
675,ENT,3x06,Exile,Unknown,2003-10-15,40358-058
676,ENT,3x07,The Shipment,Unknown,2003-10-29,40358-059
677,ENT,3x08,Twilight,Unknown,2003-11-05,40358-060
678,ENT,3x09,North Star,Unknown,2003-11-12,40358-061
679,ENT,3x10,Similitude,Unknown,2003-11-19,40358-062
680,ENT,3x11,Carpenter Street,Unknown,2003-11-26,40358-063
681,ENT,3x12,Chosen Realm,Unknown,2004-01-14,40358-064
682,ENT,3x13,Proving Ground,2153-12-06,2004-01-21,40358-065
683,ENT,3x14,Stratagem,2153-12-12,2004-02-04,40358-066
684,ENT,3x15,Harbinger,2153-12-27,2004-02-11,40358-067
685,ENT,3x16,Doctor's Orders,Unknown,2004-02-18,40358-068
686,ENT,3x17,Hatchery,2154-01-08,2004-02-25,40358-069
687,ENT,3x18,Azati Prime,2154-01,2004-03-03,40358-070
688,ENT,3x19,Damage,Unknown,2004-04-21,40358-071
689,ENT,3x20,The Forgotten,Unknown,2004-04-28,40358-072
690,ENT,3x21,E²,Unknown,2004-05-05,40358-073
691,ENT,3x22,The Council,2154-02-12,2004-05-12,40358-074
692,ENT,3x23,Countdown,2154-02-13,2004-05-19,40358-075
693,ENT,3x24,Zero Hour,2154-02-14,2004-05-26,40358-076
694,ENT,4x01,Storm Front,Unknown,2004-10-08,40358-077
695,ENT,4x02,"Storm Front, Part II",Unknown,2004-10-15,40358-078
696,ENT,4x03,Home,Unknown,2004-10-22,40358-079
697,ENT,4x04,Borderland,2154-05-17,2004-10-29,40358-080
698,ENT,4x05,Cold Station 12,Unknown,2004-11-05,40358-081
699,ENT,4x06,The Augments,2154-05-27,2004-11-12,40358-082
700,ENT,4x07,The Forge,Unknown,2004-11-19,40358-083
701,ENT,4x08,Awakening,Unknown,2004-11-26,40358-084
702,ENT,4x09,Kir'Shara,Unknown,2004-12-03,40358-085
703,ENT,4x10,Daedalus,Unknown,2005-01-14,40358-086
704,ENT,4x11,Observer Effect,Unknown,2005-01-21,40358-087
705,ENT,4x12,Babel One,2154-11-12,2005-01-28,40358-088
706,ENT,4x13,United,2154-11-15,2005-02-04,40358-089
707,ENT,4x14,The Aenar,Unknown,2005-02-11,40358-090
708,ENT,4x15,Affliction,2154-11-27,2005-02-18,40358-091
709,ENT,4x16,Divergence,2154-12,2005-02-25,40358-092
710,ENT,4x17,Bound,2154-12-27,2005-04-15,40358-093
711,ENT,4x18,"In a Mirror, Darkly",2155-01-13,2005-04-22,40358-094
712,ENT,4x19,"In a Mirror, Darkly, Part II",2155-01-18,2005-04-29,40358-095
713,ENT,4x20,Demons,2155-01-19,2005-05-06,40358-096
714,ENT,4x21,Terra Prime,2155-01-22,2005-05-13,40358-097
715,ENT,4x22,These Are the Voyages...,47457.1,2005-05-13,40358-098
716,DIS,1x01,The Vulcan Hello,1207.3,2017-09-24,101
717,DIS,1x02,Battle at the Binary Stars,1207.3,2017-09-24,102
718,DIS,1x03,Context Is for Kings,Unknown,2017-10-01,103
719,DIS,1x04,The Butcher's Knife Cares Not for the Lamb's Cry,Unknown,2017-10-08,104
720,DIS,1x05,Choose Your Pain,Unknown,2017-10-15,105
721,DIS,1x06,Lethe,Unknown,2017-10-22,106
722,DIS,1x07,Magic to Make the Sanest Man Go Mad,2136.8-2137.2,2017-10-29,107
723,DIS,1x08,"Si Vis Pacem, Para Bellum",1308.9,2017-11-05,108
724,DIS,1x09,Into the Forest I Go,Unknown,2017-11-12,109
725,DIS,Chapter Two,Chapter Two,Chapter Two,Chapter Two,Chapter Two
726,DIS,1x10,Despite Yourself,Unknown,2018-01-07,110
727,DIS,1x11,The Wolf Inside,Unknown,2018-01-14,111
728,DIS,1x12,Vaulting Ambition,Unknown,2018-01-21,112
729,DIS,1x13,What's Past Is Prologue,1834.2,2018-01-28,113
730,DIS,1x14,"The War Without, The War Within",Unknown,2018-02-04,114
731,DIS,1x15,Will You Take My Hand?,Unknown,2018-02-11,115
732,DIS,2x01,Brother,1025.19,2019-01-17,201
733,DIS,2x02,New Eden,1027.32,2019-01-24,202
734,DIS,2x03,Point of Light,1029.46,2019-01-31,203
735,DIS,2x04,An Obol for Charon,1834.2512,2019-02-07,204
736,DIS,2x05,Saints of Imperfection,Unknown,2019-02-14,205
737,DIS,2x06,The Sound of Thunder,1035.86,2019-02-21,206
738,DIS,2x07,Light and Shadows,Unknown,2019-02-28,207
739,DIS,2x08,If Memory Serves,1532.9,2019-03-07,208
740,DIS,2x09,Project Daedalus,Unknown,2019-03-14,209
741,DIS,2x10,The Red Angel,Unknown,2019-03-21,210
742,DIS,2x11,Perpetual Infinity,Unknown,2019-03-28,211
743,DIS,2x12,Through the Valley of Shadows,1048.66,2019-04-04,212
744,DIS,2x13,Such Sweet Sorrow,1050.8-1051.8,2019-04-11,213
745,DIS,2x14,"Such Sweet Sorrow, Part 2",1201.7,2019-04-18,214
746,DIS,3x01,"That Hope Is You, Part 1",Unknown,2020-10-15,301
747,DIS,3x02,Far From Home,Unknown,2020-10-22,302
748,DIS,3x03,People of Earth,865211.3,2020-10-29,303-32
749,DIS,3x04,Forget Me Not,Unknown,2020-11-05,304
750,DIS,3x05,Die Trying,Unknown,2020-11-12,305
751,DIS,3x06,Scavengers,Unknown,2020-11-19,306
752,DIS,3x07,Unification III,Unknown,2020-11-26,307
753,DIS,3x08,The Sanctuary,Unknown,2020-12-03,308
754,DIS,3x09,"Terra Firma, Part 1",Unknown,2020-12-10,309
755,DIS,3x10,"Terra Firma, Part 2",Unknown,2020-12-17,310
756,DIS,3x11,Su'Kal,Unknown,2020-12-24,311
757,DIS,3x12,There Is A Tide...,Unknown,2020-12-31,312
758,DIS,3x13,"That Hope Is You, Part 2",Unknown,2021-01-07,313
759,DIS,4x01,Kobayashi Maru,Unknown,2021-11-18,401
760,DIS,4x02,Anomaly (DIS),Unknown,2021-11-25,402
761,DIS,4x03,Choose to Live,Unknown,2021-12-02,403
762,DIS,4x04,All Is Possible,865661.2,2021-12-09,404
763,DIS,4x05,The Examples,Unknown,2021-12-16,405
764,DIS,4x06,Stormy Weather,Unknown,2021-12-23,406
765,DIS,4x07,...But to Connect,Unknown,2021-12-30,407
766,DIS,"Hiatus for PRO Season 1, part 2","Hiatus for PRO Season 1, part 2","Hiatus for PRO Season 1, part 2","Hiatus for PRO Season 1, part 2","Hiatus for PRO Season 1, part 2"
767,DIS,Part 2,Part 2,Part 2,Part 2,Part 2
768,DIS,4x08,All In,Unknown,2022-02-10,408
769,DIS,4x09,Rubicon,Unknown,2022-02-17,409
770,DIS,4x10,The Galactic Barrier,Unknown,2022-02-24,410
771,DIS,4x11,Rosetta,865783.7,2022-03-03,411
772,DIS,4x12,Species Ten-C,Unknown,2022-03-10,412
773,DIS,4x13,Coming Home,Unknown,2022-03-17,413
774,PIC,1x01,Remembrance,2399,2020-01-23,101
775,PIC,1x02,Maps and Legends,2399 / 2385,2020-01-30,102a
776,PIC,1x03,The End is the Beginning,2399 / 2385,2020-02-06,102b
777,PIC,1x04,Absolute Candor,2399 / 2385,2020-02-13,103
778,PIC,1x05,Stardust City Rag,2399 / 2386,2020-02-20,104
779,PIC,1x06,The Impossible Box,2399,2020-02-27,105
780,PIC,1x07,Nepenthe,2399,2020-03-05,106
781,PIC,1x08,Broken Pieces,2399 / 2385,2020-03-12,107
782,PIC,1x09,"Et in Arcadia Ego, Part 1",2399,2020-03-19,108
783,PIC,1x10,"Et in Arcadia Ego, Part 2",2399,2020-03-26,109
784,PIC,2x01,The Star Gazer,2401,2022-03-03,201
785,PIC,2x02,Penance,2401,2022-03-10,202
786,PIC,2x03,Assimilation,"2401 / April 12, 2024",2022-03-17,203
787,PIC,2x04,Watcher,"April 12, 2024",2022-03-24,204
788,PIC,2x05,Fly Me to the Moon,"April 12, 2024",2022-03-31,205
789,PIC,2x06,Two of One,"April 12, 2024",2022-04-07,206
790,PIC,2x07,Monsters,"April 13, 2024",2022-04-14,207
791,PIC,2x08,Mercy,"April 13-14, 2024",2022-04-21,208
792,PIC,2x09,Hide and Seek,"April 14, 2024",2022-04-28,209
793,PIC,2x10,Farewell,Unknown,2022-05-05,210
794,PIC,3x01,Episode 21,Unknown,2023-12-31,301
795,PIC,3x02,Episode 22,Unknown,2023-12-31,302
796,PIC,3x03,Episode 23,Unknown,2023-12-31,303
797,PIC,3x04,Episode 24,Unknown,2023-12-31,304
798,PIC,3x05,Episode 25,Unknown,2023-12-31,305
799,PIC,3x06,Episode 26,Unknown,2023-12-31,306
800,PIC,3x07,Episode 27,Unknown,2023-12-31,307
801,PIC,3x08,Episode 28,Unknown,2023-12-31,308
802,PIC,3x09,Episode 29,Unknown,2023-12-31,309
803,PIC,3x10,Episode 30,Unknown,2023-12-31,310
804,LD,1x01,Second Contact,57436.2,2020-08-06,LD-1001
805,LD,1x02,Envoys,Unknown,2020-08-13,LD-1002
806,LD,1x03,Temporal Edict,57501.4,2020-08-20,LD-1003
807,LD,1x04,Moist Vessel,57538.9,2020-08-27,LD-1004
808,LD,1x05,Cupid's Errant Arrow,57601.3,2020-09-03,LD-1005
809,LD,1x06,Terminal Provocations,57663.9,2020-09-10,LD-1006
810,LD,1x07,Much Ado About Boimler,57752.6,2020-09-17,LD-1007
811,LD,1x08,Veritas,Unknown,2020-09-24,LD-1008
812,LD,1x09,Crisis Point,Unknown,2020-10-01,LD-1009
813,LD,1x10,No Small Parts,Unknown,2020-10-08,LD-1010
814,LD,2x01,Strange Energies,Unknown,2021-08-12,LD-2001
815,LD,2x02,"Kayshon, His Eyes Open",58001.2,2021-08-19,LD-2002
816,LD,2x03,We'll Always Have Tom Paris,Unknown,2021-08-26,LD-2003
817,LD,2x04,"Mugato, Gumato",58036.4,2021-09-02,LD-2004
818,LD,2x05,An Embarrassment Of Dooplers,58053.9,2021-09-09,LD-2005
819,LD,2x06,The Spy Humongous,58105.1,2021-09-16,LD-2006
820,LD,2x07,Where Pleasant Fountains Lie,Unknown,2021-09-23,LD-2007
821,LD,2x08,"I, Excretus",Unknown,2021-09-30,LD-2008
822,LD,2x09,wej Duj,Unknown,2021-10-07,LD-2009
823,LD,2x10,First First Contact,58130.6,2021-10-14,LD-2010
824,LD,3x01,"""Grounded""",Unknown,2022-08-25,LD-3001
825,LD,3x02,"""The Least Dangerous Game""",Unknown,2022-09-01,LD-3002
826,LD,3x03,Episode 23,Unknown,2022-09-08,LD-3003
827,LD,3x04,Episode 24,Unknown,2022-09-15,LD-3004
828,LD,3x05,Episode 25,Unknown,2022-09-22,LD-3005
829,LD,3x06,Episode 26,Unknown,2022-09-29,LD-3006
830,LD,3x07,Episode 27,Unknown,2022-10-06,LD-3007
831,LD,3x08,Episode 28,Unknown,2022-10-13,LD-3008
832,LD,3x09,Episode 29,Unknown,2022-10-20,LD-3009
833,LD,3x10,Episode 30,Unknown,2022-10-27,LD-3010
